grid,true_density,slq_curve,dfl_curve
-9.970590130706968868e-01,2.972630821566220327e-02,2.986086623975747062e-02,2.947206819778891776e-02
-9.169625687489563193e-01,3.918302039530710545e-02,3.934779867560992545e-02,3.881841313469486243e-02
-8.368661244272157518e-01,5.084907660706516896e-02,5.104670845579518251e-02,5.033581457614021842e-02
-7.567696801054752953e-01,6.497549076793422695e-02,6.520753226593825613e-02,6.426633549200877482e-02
-6.766732357837347278e-01,8.176250379417675240e-02,8.202904560968607428e-02,8.080092344213891942e-02
-5.965767914619941603e-01,1.013345714501484446e-01,1.016338925883922550e-01,1.000551366839709799e-01
-5.164803471402537038e-01,1.237157205245629082e-01,1.240440352183064532e-01,1.220455043909891846e-01
-4.363839028185131363e-01,1.488077188781550819e-01,1.491590693124656419e-01,1.466689473770204089e-01
-3.562874584967725689e-01,1.763736712887621350e-01,1.767400129521378982e-01,1.736878109704038387e-01
-2.761910141750320014e-01,2.060295144287356828e-01,2.064010262755325564e-01,2.027228764756213997e-01
-1.960945698532914339e-01,2.372454092305108508e-01,2.376110372154124073e-01,2.332561962657290211e-01
-1.159981255315509774e-01,2.693582348766231926e-01,2.697064459489999511e-01,2.646447650610035396e-01
-3.590168120981040989e-02,3.015953461562174143e-01,3.019150335427887577e-01,2.961449752558994453e-01
4.419476311193015761e-02,3.331085825325794114e-01,3.333900272441633894e-01,3.269466328203049499e-01
1.242912074336706141e-01,3.630163622546738744e-01,3.632521272286638458e-01,3.562141876064686685e-01
2.043876517554112926e-01,3.904507165089278198e-01,3.906363365963636536e-01,3.831319185630298607e-01
2.844840960771517491e-01,4.146054582434514080e-01,4.147397986285943916e-01,4.069492493138850420e-01
3.645805403988922055e-01,4.347814379822104724e-01,4.348666299202768037e-01,4.270222450761537725e-01
4.446769847206328841e-01,4.504250559469797910e-01,4.504659810058360692e-01,4.428476862738787156e-01
5.247734290423733405e-01,4.611568512084021632e-01,4.611602256882204598e-01,4.540868856968469092e-01
6.048698733641140191e-01,4.667879876083426693e-01,4.667611826998230296e-01,4.605775093557475386e-01
6.849663176858544755e-01,4.673236691382271490e-01,4.672734700420026477e-01,4.623329252924941457e-01
7.650627620075949320e-01,4.629537861587695868e-01,4.628853247853544906e-01,4.595298683512416549e-01
8.451592063293356105e-01,4.540322610450094332e-01,4.539483374818383821e-01,4.524863090861098169e-01
9.252556506510760670e-01,4.410474946410982144e-01,4.409484289779616040e-01,4.416322215847436339e-01
1.005352094972816746e+00,4.245869222797047926e-01,4.244709620834038466e-01,4.274763791681744918e-01
1.085448539294557202e+00,4.052989299555230795e-01,4.051631054715693070e-01,4.105723488090202711e-01
1.165544983616297658e+00,3.838552684155847050e-01,3.836964723125227961e-01,3.914865410691220626e-01
1.245641427938038115e+00,3.609166895381975548e-01,3.607326953348182208e-01,3.707705833551626640e-01
1.325737872259778571e+00,3.371038996043949076e-01,3.368940463267657837e-01,3.489395283800919012e-01
1.405834316581519472e+00,3.129751766644073840e-01,3.127405400651861456e-01,3.264566025479975209e-01
1.485930760903259928e+00,2.890112323657031967e-01,2.887542545275198491e-01,3.037244459222470661e-01
1.566027205225000385e+00,2.656071975128404539e-01,2.653309158055286998e-01,2.810821781008243647e-01
1.646123649546740841e+00,2.430710388710226322e-01,2.427781913839810735e-01,2.588071929597924870e-01
1.726220093868481298e+00,2.216273101301050041e-01,2.213196527401969926e-01,2.371203572107529745e-01
1.806316538190222198e+00,2.014249144348026488e-01,2.011030399326254603e-01,2.161932512073183321e-01
1.886412982511962655e+00,1.825474986532848731e-01,1.822113062715048915e-01,1.961562115952474317e-01
1.966509426833703111e+00,1.650251825392614891e-01,1.646749430543343884e-01,1.771061673457246521e-01
2.046605871155443346e+00,1.488465105202054772e-01,1.484842657587431836e-01,1.591135524228704246e-01
2.126702315477183802e+00,1.339697577072206935e-01,1.336006467511005324e-01,1.422278822323211345e-01
2.206798759798925147e+00,1.203329850176256405e-01,1.199660515428259272e-01,1.264818583504392913e-01
2.286895204120665603e+00,1.078624883333683393e-01,1.075106135023559950e-01,1.118940899689207236e-01
2.366991648442406060e+00,9.647950065120734775e-02,9.615830625314866764e-02,9.847067672122120086e-02
2.447088092764146516e+00,8.610517221446925551e-02,8.583099902932871117e-02,8.620598331213265297e-02
2.527184537085886973e+00,7.666396933334218566e-02,7.645128687930408118e-02,7.508295809263040854e-02
2.607280981407627429e+00,6.808570297199105503e-02,6.794448054635726653e-02,6.507331814927685976e-02
2.687377425729367886e+00,6.030643240843738817e-02,6.024004942146746894e-02,5.613785863217375660e-02
2.767473870051108342e+00,5.326849777997227919e-02,5.327267901063540562e-02,4.822706050856334636e-02
2.847570314372848799e+00,4.691992738435521448e-02,4.698297815739740924e-02,4.128208367296686693e-02
2.927666758694589255e+00,4.121344795396358202e-02,4.131778768965752718e-02,3.523615324686367456e-02
3.007763203016330600e+00,3.610530263514277749e-02,3.623002039024620508e-02,3.001628396554831268e-02
3.087859647338071056e+00,3.155405363603410590e-02,3.167800084703733393e-02,2.554524478188717820e-02
3.167956091659811513e+00,2.751951469044332244e-02,2.762435380761350118e-02,2.174364363673334313e-02
3.248052535981551969e+00,2.396192265322404438e-02,2.403458179028233541e-02,1.853200839352478480e-02
3.328148980303292426e+00,2.084141836702423090e-02,2.087554642362023441e-02,1.583275008669244102e-02
3.408245424625032882e+00,1.811786614065812387e-02,1.811410018413795592e-02,1.357191405532394597e-02
3.488341868946773339e+00,1.575100145498366591e-02,1.571609561446769832e-02,1.168064860187087786e-02
3.568438313268513795e+00,1.370086111140123714e-02,1.364593179144672763e-02,1.009634578644805908e-02
3.648534757590254252e+00,1.192842214602042768e-02,1.186669872088970748e-02,8.763432318459329906e-03
3.728631201911995596e+00,1.039635796403851759e-02,1.034087212507602341e-02,7.633808954185261793e-03
3.808727646233736053e+00,9.069813691637387473e-03,9.031416930324775993e-03,6.666954052299908437e-03
3.888824090555476509e+00,7.917107727215213012e-03,7.903095804284013259e-03,5.829721255313548463e-03
3.968920534877216966e+00,6.910281581986483200e-03,6.923758872693600887e-03,5.095873068064045615e-03
4.049016979198957422e+00,6.025442878033203213e-03,6.065412108486825486e-03,4.445401602500989070e-03
4.129113423520697879e+00,5.242873588553173536e-03,5.304916272159045099e-03,3.863694782627538279e-03
4.209209867842438335e+00,4.546903692356650019e-03,4.624241691234593291e-03,3.340610340319764057e-03
4.289306312164178792e+00,3.925575930521889301e-03,4.010280840849724665e-03,2.869520320302054381e-03
4.369402756485919248e+00,3.370147411172461950e-03,3.454286564176129847e-03,2.446385030463623083e-03
4.449499200807659705e+00,2.874486424676688228e-03,2.951048990413257869e-03,2.068907322712586726e-03
4.529595645129400161e+00,2.434427143837002497e-03,2.497944312582621451e-03,1.735806272787206129e-03
4.609692089451141506e+00,2.047141209562285211e-03,2.093984416219904585e-03,1.446234875624777347e-03
4.689788533772881962e+00,1.710574925022360221e-03,1.738972903399068747e-03,1.199350903206532421e-03
4.769884978094622419e+00,1.422986074911711165e-03,1.432837776253191456e-03,9.940354161684353176e-04
4.849981422416362875e+00,1.182597829499629650e-03,1.175171978544256070e-03,8.287412929245338306e-04
4.930077866738103332e+00,9.873713337448246537e-04,9.649772349757741903e-04,7.014458252620698123e-04
5.010174311059843788e+00,8.348855366195226347e-04,8.005792661518772776e-04,6.096775645077612662e-04
5.090270755381584245e+00,7.223039736663461026e-04,6.796661335655967279e-04,5.505880970511936546e-04
5.170367199703324701e+00,6.464040945895713642e-04,5.993964679780765161e-04,5.210435312461883213e-04
5.250463644025065157e+00,6.036450006036795258e-04,5.565290634876133300e-04,5.177169664940953556e-04
5.330560088346805614e+00,5.902531271892074100e-04,5.475369895065413176e-04,5.371706553515650162e-04
5.410656532668546959e+00,6.023110868684236011e-04,5.686847039901475002e-04,5.759235884547954116e-04
5.490752976990287415e+00,6.358411012050496029e-04,6.160624754437956730e-04,6.305057502386393967e-04
5.570849421312027872e+00,6.868799292105191249e-04,6.855861122196173522e-04,6.975036726260325963e-04
5.650945865633768328e+00,7.515460713666308841e-04,7.729797151511369046e-04,7.736030061859754375e-04
5.731042309955508784e+00,8.261019225891958872e-04,8.737639417556607082e-04,8.556329290690016867e-04
5.811138754277249241e+00,9.070135724344359236e-04,9.832719563187086557e-04,9.406149404970187960e-04
5.891235198598989697e+00,9.910095882369465096e-04,1.096710416130015084e-03,1.025815713483275732e-03
5.971331642920730154e+00,1.075138056856611438e-03,1.209274642501915152e-03,1.108800976047174137e-03
6.051428087242470610e+00,1.156819123047379480e-03,1.316317047912745394e-03,1.187485463249880573e-03
6.131524531564211067e+00,1.233888840464728454e-03,1.413557604919053398e-03,1.260173198379496056e-03
6.211620975885951523e+00,1.304629706789914214e-03,1.497316268619290928e-03,1.325582803853640832e-03
6.291717420207692868e+00,1.367783876741192036e-03,1.564741169103017748e-03,1.382854037332492984e-03
6.371813864529433324e+00,1.422546574507337546e-03,1.614004007074261796e-03,1.431533935672368385e-03
6.451910308851173781e+00,1.468539318368660036e-03,1.644435789010748744e-03,1.471543377057584878e-03
6.532006753172914237e+00,1.505764798828849570e-03,1.656581594403104497e-03,1.503127096470286339e-03
6.612103197494654694e+00,1.534547206116185572e-03,1.652161679391572595e-03,1.526791859280475982e-03
6.692199641816395150e+00,1.555463167383958891e-03,1.633936660792230508e-03,1.543238403615024594e-03
6.772296086138135607e+00,1.569269056151422793e-03,1.605485336897275513e-03,1.553292856044460315e-03
6.852392530459876063e+00,1.576830260033088363e-03,1.570913439013937570e-03,1.557842702024117695e-03
6.932488974781616520e+00,1.579057156061349203e-03,1.534519053692387155e-03,1.557781249224691068e-03
7.012585419103357864e+00,1.576851255757432367e-03,1.500444793365823858e-03,1.553963103668431047e-03
7.092681863425097433e+00,1.571063492612455531e-03,1.472347693096894049e-03,1.547171727104673525e-03
7.172778307746838777e+00,1.562465168813159493e-03,1.453115425539829768e-03,1.538098856606530613e-03
7.252874752068578346e+00,1.551730841868950500e-03,1.444652303036907462e-03,1.527334573344763576e-03
7.332971196390319690e+00,1.539431530427859797e-03,1.447751479171319969e-03,1.515366162949655267e-03
7.413067640712059259e+00,1.526036092960900408e-03,1.462061675678659467e-03,1.502583606990035101e-03
7.493164085033800603e+00,1.511918460519676762e-03,1.486148507556458737e-03,1.489289530903886152e-03
7.573260529355541948e+00,1.497368518423850513e-03,1.517642784297122942e-03,1.475711631740889412e-03
7.653356973677281516e+00,1.482604742090623973e-03,1.553461568682099579e-03,1.462015938691847228e-03
7.733453417999022861e+00,1.467787107337058207e-03,1.590082633119359714e-03,1.448319649453840095e-03
7.813549862320762429e+00,1.453029235645453016e-03,1.623849471803619085e-03,1.434702681346454022e-03
7.893646306642503774e+00,1.438409140961474783e-03,1.651282299888816264e-03,1.421217440664731060e-03
7.973742750964243342e+00,1.423978280508354614e-03,1.669370517123354219e-03,1.407896624808421425e-03
8.053839195285984687e+00,1.409768862706128152e-03,1.675823890061396877e-03,1.394759117702343721e-03
8.133935639607724255e+00,1.395799531605047611e-03,1.669263103321555562e-03,1.381814215204689011e-03
8.214032083929465600e+00,1.382079640731952988e-03,1.649335149041992977e-03,1.369064523375469180e-03
8.294128528251205168e+00,1.368612366433698442e-03,1.616744961756758905e-03,1.356507912194426834e-03
8.374224972572946513e+00,1.355396909075718380e-03,1.573201349269967965e-03,1.344138888189241703e-03
8.454321416894687857e+00,1.342430005321834045e-03,1.521282109886834761e-03,1.331949683581997454e-03
8.534417861216427426e+00,1.329706938407836190e-03,1.464229699396263828e-03,1.319931263362568181e-03
8.614514305538168770e+00,1.317222194435841397e-03,1.405694358526150258e-03,1.308074344372352248e-03
8.694610749859908339e+00,1.304969876595079951e-03,1.349445743853556557e-03,1.296370421559102978e-03
8.774707194181649683e+00,1.292943958588541617e-03,1.299076461522669394e-03,1.284812722740673926e-03
8.854803638503389251e+00,1.281138434279781649e-03,1.257721292376237860e-03,1.273396975414498294e-03
8.934900082825130596e+00,1.269547402342205552e-03,1.227814314323494999e-03,1.262121870592647832e-03
9.014996527146870164e+00,1.258165111526718741e-03,1.210902746337276948e-03,1.250989144522145864e-03
9.095092971468611509e+00,1.246985982891057757e-03,1.207531482320417732e-03,1.240003258045492465e-03
9.175189415790351077e+00,1.236004618899256679e-03,1.217206387097835097e-03,1.229170720052574122e-03
9.255285860112092422e+00,1.225215804944812178e-03,1.238437993493484313e-03,1.218499160468410536e-03
9.335382304433833767e+00,1.214614506137955043e-03,1.268860797579808315e-03,1.207996297018311231e-03
9.415478748755573335e+00,1.204195860870673493e-03,1.305417416499250142e-03,1.197668951449929950e-03
9.495575193077314680e+00,1.193955172439102944e-03,1.344591922842734537e-03,1.187522254041413223e-03
9.575671637399054248e+00,1.183887900357833431e-03,1.382673097762016860e-03,1.177559134874144086e-03
9.655768081720795593e+00,1.173989653245735565e-03,1.416026439858433447e-03,1.167780145428782071e-03
9.735864526042535161e+00,1.164256184654068526e-03,1.441353678794680222e-03,1.158183595550943325e-03
9.815960970364276506e+00,1.154683391733635212e-03,1.455920261214271221e-03,1.148765939615153855e-03
9.896057414686016074e+00,1.145267314687022694e-03,1.457734620703706775e-03,1.139522310726984525e-03
9.976153859007757418e+00,1.136004133616678622e-03,1.445667669532176968e-03,1.130447088571136672e-03
1.005625030332949699e+01,1.126890159814465881e-03,1.419506382198919715e-03,1.121534396204859054e-03
1.013634674765123833e+01,1.117921821173636487e-03,1.379941023493729511e-03,1.112778450224765053e-03
1.021644319197297968e+01,1.109095645359991838e-03,1.328490936973630940e-03,1.104173729762162551e-03
1.029653963629471924e+01,1.100408247551154257e-03,1.267378340868776558e-03,1.095714972742596778e-03
1.037663608061646059e+01,1.091856329548905515e-03,1.199362886074781731e-03,1.087397042945766230e-03
1.045673252493820016e+01,1.083436692669866247e-03,1.127551590602813691e-03,1.079214731650279206e-03
1.053682896925994150e+01,1.075146259184908476e-03,1.055199138784989514e-03,1.071162560927839619e-03
1.061692541358168107e+01,1.066982089837422397e-03,9.855125614705627715e-04,1.063234645008518308e-03
1.069702185790342241e+01,1.058941382778617706e-03,9.214722780228764253e-04,1.055424648047477779e-03
1.077711830222516198e+01,1.051021445238485476e-03,8.656787542099047498e-04,1.047725857816936843e-03
1.085721474654690333e+01,1.043219642583333509e-03,8.202310117997573934e-04,1.040131379151932635e-03
1.093731119086864290e+01,1.035533344575882090e-03,7.866402838056869764e-04,1.032634437834458515e-03
1.101740763519038424e+01,1.027959897280407474e-03,7.657795324799641619e-04,1.025228771273721962e-03
1.109750407951212559e+01,1.020496644002289940e-03,7.578675152014157767e-04,1.017909063454301060e-03
1.117760052383386515e+01,1.013140998535410871e-03,7.624846590882441728e-04,1.010671359185464670e-03
1.125769696815560650e+01,1.005890545642812352e-03,7.786171456933432431e-04,1.003513374097306232e-03
1.133779341247734607e+01,9.987431205874381084e-04,8.047251914280632379e-04,9.964346140367574562e-04
1.141788985679908741e+01,9.916968160327719814e-04,8.388313747077436261e-04,9.894362413059164425e-04
1.149798630112082698e+01,9.847498882937764670e-04,8.786248416654356391e-04,9.825206779733380250e-04
1.157808274544256832e+01,9.779005805393020407e-04,9.215771843120517618e-04,9.756910074116911542e-04
1.165817918976430789e+01,9.711469297457089042e-04,9.650656490939375385e-04,9.689503010001960116e-04
1.173827563408604924e+01,9.644866519436351123e-04,1.006499086593489432e-03,9.623010296866296069e-04
1.181837207840779058e+01,9.579171864886870929e-04,1.043441743735248070e-03,9.557446996727940024e-04
1.189846852272953015e+01,9.514359212034223957e-04,1.073729724169084554e-03,9.492817770296190947e-04
1.197856496705127149e+01,9.450405349867482254e-04,1.095574819051764329e-03,9.429118607729203337e-04
1.205866141137301106e+01,9.387293193003205761e-04,1.107650553027432830e-03,9.366339691150387357e-04
1.213875785569475241e+01,9.325013145848396997e-04,1.109155782494839664e-03,9.304467626825033361e-04
1.221885430001649198e+01,9.263561462161970603e-04,1.099852060314853710e-03,9.243485670588010321e-04
1.229895074433823332e+01,9.202935603973814733e-04,1.080072220989476998e-03,9.183371677120817167e-04
1.237904718865997289e+01,9.143128029003416138e-04,1.050699166734302787e-03,9.124094906868397779e-04
1.245914363298171423e+01,9.084120911631030429e-04,1.013115529728335395e-03,9.065613887174123805e-04
1.253924007730345380e+01,9.025884451358521816e-04,9.691266086132001517e-04,9.007877661223010228e-04
1.261933652162519515e+01,8.968380382924165005e-04,9.208605864287268839e-04,8.950831717703847763e-04
1.269943296594693649e+01,8.911570307389229690e-04,8.706514090327437203e-04,8.894427931410638392e-04
1.277952941026867606e+01,8.855426224821832167e-04,8.209107451478574787e-04,8.838635693069262856e-04
1.285962585459041740e+01,8.799939118493781522e-04,7.739961052298361234e-04,8.783450023257402886e-04
1.293972229891215697e+01,8.745121427076356715e-04,7.320824438783164832e-04,8.728892640192562839e-04
1.301981874323389832e+01,8.691001031740125567e-04,6.970444129984823805e-04,8.675003927012458690e-04
1.309991518755563789e+01,8.637607533692234340e-04,6.703558900664420735e-04,8.621827019715382632e-04
1.318001163187737923e+01,8.584955002875977251e-04,6.530125054895690546e-04,8.569388663699269854e-04
1.326010807619911880e+01,8.533027650473465559e-04,6.454816675888558819e-04,8.517683657040526872e-04
1.334020452052086014e+01,8.481774879836240840e-04,6.476830721409978456e-04,8.466669497624909179e-04
1.342030096484259971e+01,8.431119528581868970e-04,6.590009379610040855e-04,8.416274963538956586e-04
1.350039740916434106e+01,8.380978479636041686e-04,6.783273049133090645e-04,8.366421509579683108e-04
1.358049385348608240e+01,8.331289743662270621e-04,7.041337691156293816e-04,8.317051179058056361e-04
1.366059029780782197e+01,8.282036551580256077e-04,7.345671451975459244e-04,8.268151196900068792e-04
1.374068674212956331e+01,8.233258571636749680e-04,7.675628936101701891e-04,8.219765143281053659e-04
1.382078318645130288e+01,8.185043703635287542e-04,8.009688953755820465e-04,8.171984172572042569e-04
1.390087963077304423e+01,8.137500254642016225e-04,8.326714440076295968e-04,8.124918308978668242e-04
1.398097607509478379e+01,8.090716667539714444e-04,8.607152582437936064e-04,8.078655341291766023e-04
1.406107251941652514e+01,8.044721721370490589e-04,8.834099363320171679e-04,8.033220574290207174e-04
1.414116896373826471e+01,7.999459896767139927e-04,8.994165273527631246e-04,7.988552324545197250e-04
1.422126540806000605e+01,7.954793234532375875e-04,9.078096579714176745e-04,7.944504461440973992e-04
1.430136185238174562e+01,7.910533088489484811e-04,9.081127247830758772e-04,7.900879152532752680e-04
1.438145829670348697e+01,7.866494979949424258e-04,9.003058022896061764e-04,7.857482654765250533e-04
1.446155474102522831e+01,7.822560661495784901e-04,8.848078804996075113e-04,7.814187912687083027e-04
1.454165118534696788e+01,7.778726828557296254e-04,8.624366271999376644e-04,7.770983217613234694e-04
1.462174762966870922e+01,7.735121812770222186e-04,8.343499324242942055e-04,7.727988327406521470e-04
1.470184407399044879e+01,7.691980128052733519e-04,8.019739927324974309e-04,7.685428230559320992e-04
1.478194051831219014e+01,7.649577724580017800e-04,7.669226810797623176e-04,7.643567870402789757e-04
1.486203696263392970e+01,7.608144321270695438e-04,7.309125526214925233e-04,7.602624643054491701e-04
1.494213340695567105e+01,7.567778770184137652e-04,6.956772323531373956e-04,7.562684871406431895e-04
1.502222985127741239e+01,7.528395490265186313e-04,6.628842981264693440e-04,7.523652222572828471e-04
1.510232629559915196e+01,7.489723175267182275e-04,6.340572607487135730e-04,7.485248859919156617e-04
1.518242273992089153e+01,7.451362592815356702e-04,6.105049371168860383e-04,7.447075481526308676e-04
1.526251918424263465e+01,7.412892258369087545e-04,5.932604202415139730e-04,7.408718300150590047e-04
1.534261562856437422e+01,7.373994481894859771e-04,5.830319037985385276e-04,7.369874898843856983e-04
1.542271207288611379e+01,7.334565017144725448e-04,5.801676945082655983e-04,7.330461991673640262e-04
1.550280851720785336e+01,7.294770780230689852e-04,5.846376939220534379e-04,7.290669821003013676e-04
1.558290496152959648e+01,7.255032346756971244e-04,5.960333137338177240e-04,7.250940597770936689e-04
1.566300140585133605e+01,7.215928354496630760e-04,6.135871119965958815e-04,7.211869075042291700e-04
1.574309785017307561e+01,7.178042023409820236e-04,6.362123782190477013e-04,7.174046438704116766e-04
1.582319429449481518e+01,7.141789069707422076e-04,6.625615120401949542e-04,7.137887496588811182e-04
1.590329073881655830e+01,7.107275395861641348e-04,6.911004707331660363e-04,7.103489770412356463e-04
1.598338718313829787e+01,7.074228687451153191e-04,7.201950035579363606e-04,7.070568274492771343e-04
1.606348362746003744e+01,7.042030718368832640e-04,7.482030746158932358e-04,7.038491937086037258e-04
1.614358007178178056e+01,7.009850822369485856e-04,7.735670211844766601e-04,7.006420992499020435e-04
1.622367651610352013e+01,6.976852507812561933e-04,7.948987747005470308e-04,6.973516209996387816e-04
1.630377296042525970e+01,6.942422447809488452e-04,8.110519771035215987e-04,6.939168409352905204e-04
1.638386940474699927e+01,6.906360774765029752e-04,8.211760402017300332e-04,6.903186968154433317e-04
1.646396584906874239e+01,6.868977363114734964e-04,8.247489906446631288e-04,6.865892423922367437e-04
1.654406229339048195e+01,6.831059993877014328e-04,8.215880878106251398e-04,6.828080039241080264e-04
1.662415873771222152e+01,6.793712124967563135e-04,8.118393981561252207e-04,6.790853342433713236e-04
1.670425518203396109e+01,6.758092513327015926e-04,7.959494392818006105e-04,6.755361158657249105e-04
1.678435162635570421e+01,6.725117129900402575e-04,7.746233887903279484e-04,6.722499481569476840e-04
1.686444807067744378e+01,6.695197919515997152e-04,7.487749961062172693e-04,6.692653030219709561e-04
1.694454451499918335e+01,6.668088572993506125e-04,7.194731793043867554e-04,6.665546229471747217e-04
1.702464095932092647e+01,6.642884793845407103e-04,6.878894195886071450e-04,6.640250022234066253e-04
1.710473740364266604e+01,6.618190458923411566e-04,6.552487025869665636e-04,6.615354435603021908e-04
1.718483384796440561e+01,6.592420094357161935e-04,6.227852088318587553e-04,6.589275790769808265e-04
1.726493029228614517e+01,6.564172274090029381e-04,5.917025648025258690e-04,6.560631948705648040e-04
1.734502673660788830e+01,6.532587035120377816e-04,5.631375264757772659e-04,6.528598087711340401e-04
1.742512318092962786e+01,6.497599111464722604e-04,5.381256670178043546e-04,6.493154991945560527e-04
1.750521962525136743e+01,6.460018881904485951e-04,5.175680156179953296e-04,6.455162674148036839e-04
1.758531606957310700e+01,6.421410412920926193e-04,5.021985209518419185e-04,6.416230192573664460e-04
1.766541251389485012e+01,6.383782555817491162e-04,4.925534308840531133e-04,6.378399320579741663e-04
1.774550895821658969e+01,6.349154007509135757e-04,4.889448532599976506e-04,6.343704517509764565e-04
1.782560540253832926e+01,6.319085926707391273e-04,4.914415547182185299e-04,6.313703827504765168e-04
1.790570184686007238e+01,6.294288051216966528e-04,4.998602088871806392e-04,6.289086954379107799e-04
1.798579829118181195e+01,6.274392734371100119e-04,5.137697086877214287e-04,6.269454438672961713e-04
1.806589473550355152e+01,6.257957760378485192e-04,5.325098712867464392e-04,6.253327626537056325e-04
1.814599117982529108e+01,6.242710127904847360e-04,5.552241169876631502e-04,6.238400036653275532e-04
1.822608762414703421e+01,6.225989699985210986e-04,5.809038429694772260e-04,6.221987379701836816e-04
1.830618406846877377e+01,6.205305460742405101e-04,6.084406298536187193e-04,6.201587627005828059e-04
1.838628051279051334e+01,6.178888508519988056e-04,6.366814573295096012e-04,6.175434502423137210e-04
1.846637695711225291e+01,6.146121606064585286e-04,6.644819802059003574e-04,6.142924206324503183e-04
1.854647340143399603e+01,6.107746679574691927e-04,6.907536622438735681e-04,6.104817486872755449e-04
1.862656984575573560e+01,6.065795118171142921e-04,7.145020215563929527e-04,6.063163201610612639e-04
1.870666629007747517e+01,6.023242322781714167e-04,7.348550859548992013e-04,6.020946391319852500e-04
1.878676273439921829e+01,5.983446008897464917e-04,7.510829764120392511e-04,5.981521882631431544e-04
1.886685917872095786e+01,5.949475123654247941e-04,7.626109219845719593e-04,5.947941406011084987e-04
1.894695562304269743e+01,5.923462806176254874e-04,7.690286483252548608e-04,5.922308158850739246e-04
1.902705206736443699e+01,5.906116691011877593e-04,7.700988341114273737e-04,5.905291883027466698e-04
1.910714851168618011e+01,5.896492532007794945e-04,7.657662614725416162e-04,5.895909519777897548e-04
1.918724495600791968e+01,5.892087646281561749e-04,7.561676578948204079e-04,5.891626531038675991e-04
1.926734140032965925e+01,5.889248609784753646e-04,7.416404354010945263e-04,5.888771700439184194e-04
1.934743784465139882e+01,5.883825153160729404e-04,7.227270246019140872e-04,5.883195865179326536e-04
1.942753428897314194e+01,5.871951670508697646e-04,7.001706734294399926e-04,5.871054917378232957e-04
1.950763073329488151e+01,5.850809266210680454e-04,6.748986927338832247e-04,5.849569566348724204e-04
1.958772717761662108e+01,5.819220688653129912e-04,6.479902486841860720e-04,5.817614506962536219e-04
1.966782362193836420e+01,5.777958323232232352e-04,6.206277803172202418e-04,5.776018139794654969e-04
1.974792006626010377e+01,5.729696673385823932e-04,5.940336329833538790e-04,5.727505738657678565e-04
1.982801651058184333e+01,5.678605991792343329e-04,5.693961004408561611e-04,5.676284411616910885e-04
1.990811295490358290e+01,5.629650801509852561e-04,5.477912833816630253e-04,5.627335180818681445e-04
1.998820939922532602e+01,5.587713454435308839e-04,5.301085807300492817e-04,5.585533521348342483e-04
2.006830584354706559e+01,5.556698054047603088e-04,5.169879456311849038e-04,5.554754267597190789e-04
2.014840228786880516e+01,5.538777362075699871e-04,5.087761566750538533e-04,5.537123373133496021e-04
2.022849873219054473e+01,5.533923152065266683e-04,5.055073713717612343e-04,5.532556165895863558e-04
2.030859517651228785e+01,5.539812649625673428e-04,5.069104189563091627e-04,5.538673381133240019e-04
2.038869162083402742e+01,5.552138613836845801e-04,5.124420631373178539e-04,5.551120877883591225e-04
2.046878806515576699e+01,5.565279749103803093e-04,5.213422995467781665e-04,5.564248080642197284e-04
2.054888450947751011e+01,5.573223982552677003e-04,5.327051160227190638e-04,5.572036321491779859e-04
2.062898095379924968e+01,5.570590983441828887e-04,5.455564236332986804e-04,5.569122617894127492e-04
2.070907739812098924e+01,5.553580249742246649e-04,5.589303088176604799e-04,5.551745024430453611e-04
2.078917384244272881e+01,5.520680703001904334e-04,5.719354302643849712e-04,5.518445987274415510e-04
2.086927028676447193e+01,5.473015459253353573e-04,5.838051683185910105e-04,5.470408435828038110e-04
2.094936673108621150e+01,5.414254934916138936e-04,5.939277414494064907e-04,5.411359225036555930e-04
2.102946317540795107e+01,5.350102706238460751e-04,6.018555227130294259e-04,5.347045938439160939e-04
2.110955961972969064e+01,5.287429657825526864e-04,6.072957513269835843e-04,5.284364049658394746e-04
2.118965606405143376e+01,5.233191124018913513e-04,6.100872904593083405e-04,5.230270242378669407e-04
2.126975250837317333e+01,5.193299201444229098e-04,6.101696720434669156e-04,5.190654628936636986e-04
2.134984895269491290e+01,5.171632078870536629e-04,6.075511795268937962e-04,5.169353665289111140e-04
2.142994539701665602e+01,5.169342549592365922e-04,6.022821153605726480e-04,5.167465294688019205e-04
2.151004184133839559e+01,5.184582047244803852e-04,5.944378274523667849e-04,5.183081562149723662e-04
2.159013828566013515e+01,5.212691941427376793e-04,5.841138248555476174e-04,5.211489059690377779e-04
2.167023472998187472e+01,5.246840727917913456e-04,5.714327923738493414e-04,5.245814408214196072e-04
2.175033117430361784e+01,5.279015681589815587e-04,5.565609402850367872e-04,5.278022087408974642e-04
2.183042761862535741e+01,5.301221458095220669e-04,5.397292810296152373e-04,5.300116204038004273e-04
2.191052406294709698e+01,5.306704698755723834e-04,5.212543894235795042e-04,5.305364843933646837e-04
2.199062050726883655e+01,5.291017983142784270e-04,5.015531147611244998e-04,5.289360475000604500e-04
2.207071695159057967e+01,5.252759236830603379e-04,4.811465544517427688e-04,5.250753125621164443e-04
2.215081339591231924e+01,5.193870328020011931e-04,4.606502090261498528e-04,5.191541071726668696e-04
2.223090984023405881e+01,5.119443737586137563e-04,4.407493484944658606e-04,5.116869134896555749e-04
2.231100628455580193e+01,5.037058983500107166e-04,4.221609010342592316e-04,5.034357518657163813e-04
2.239110272887754149e+01,4.955740045321402158e-04,4.055852898866370748e-04,4.953053517951235517e-04
2.247119917319928106e+01,4.884681138270859264e-04,3.916532959962078491e-04,4.882154230151684805e-04
2.255129561752102063e+01,4.831922742428157035e-04,3.808739915064418883e-04,4.829682540972433154e-04
2.263139206184276375e+01,4.803167982286281616e-04,3.735899505123820366e-04,4.801306401144205070e-04
2.271148850616450332e+01,4.800910335067343692e-04,3.699452829948632164e-04,4.799471875579593887e-04
2.279158495048624289e+01,4.824000194906553083e-04,3.698706427039512648e-04,4.822976665815617244e-04
2.287168139480798246e+01,4.867716401651490726e-04,3.730874059318532634e-04,4.867049188250103468e-04
2.295177783912972558e+01,4.924338250953023228e-04,3.791309497089243876e-04,4.923927649980713167e-04
2.303187428345146515e+01,4.984143683618268020e-04,3.873906606020528125e-04,4.983863847510526003e-04
2.311197072777320471e+01,5.036700011388238517e-04,3.971622748286191213e-04,5.036417304755402835e-04
2.319206717209494784e+01,5.072272801700407731e-04,4.077066579898261205e-04,5.071864956578695308e-04
2.327216361641668740e+01,5.083161871799075091e-04,4.183083890101436985e-04,5.082535280767750850e-04
2.335226006073842697e+01,5.064782803888005953e-04,4.283276354184175835e-04,5.063885604543489228e-04
2.343235650506016654e+01,5.016346440326795511e-04,4.372397969955660801e-04,5.015175665669746943e-04
2.351245294938190966e+01,4.941042562021292659e-04,4.446591282074861037e-04,4.939644465363705449e-04
2.359254939370364923e+01,4.845699907634956746e-04,4.503447889057821552e-04,4.844163499776375737e-04
2.367264583802538880e+01,4.739963867081840496e-04,4.541901968404693664e-04,4.738408602415345849e-04
2.375274228234712837e+01,4.635096362214392168e-04,4.561988089959109500e-04,4.633655663180867514e-04
2.383283872666887149e+01,4.542551419790790269e-04,4.564512080774486879e-04,4.541354243716769472e-04
2.391293517099061106e+01,4.472508635850019052e-04,4.550693595774024159e-04,4.471661507050762202e-04
2.399303161531235062e+01,4.432551808774387158e-04,4.521839981561563519e-04,4.432123643887104060e-04
2.407312805963409374e+01,4.426661258544032133e-04,4.479103062575592832e-04,4.426672925991362675e-04
2.415322450395583331e+01,4.454648518132978650e-04,4.423355080103419357e-04,4.455068449888232966e-04
2.423332094827757288e+01,4.512106472959668386e-04,4.355199726284647360e-04,4.512852871377930888e-04
2.431341739259931245e+01,4.590883731593934877e-04,4.275112220932351806e-04,4.591833084743032821e-04
2.439351383692105557e+01,4.680027045869020836e-04,4.183681943937407046e-04,4.681027884204145922e-04
2.447361028124279514e+01,4.767077931056098745e-04,4.081915081619702079e-04,4.767968121105908863e-04
2.455370672556453471e+01,4.839566263707681458e-04,3.971545049137270795e-04,4.840191716459116516e-04
2.463380316988627783e+01,4.886519756161742138e-04,3.855296035519536558e-04,4.886752277041667668e-04
2.471389961420801740e+01,4.899806597696086240e-04,3.737049747322304617e-04,4.899558735822617936e-04
2.479399605852975697e+01,4.875149215003576095e-04,3.621876283406464747e-04,4.874384360628911768e-04
2.487409250285149653e+01,4.812687264808916394e-04,3.515905447984602914e-04,4.811423841807343127e-04
2.495418894717323965e+01,4.717022445915205445e-04,3.426032825591982878e-04,4.715331771618335973e-04
2.503428539149497922e+01,4.596739618778812879e-04,3.359473734119710090e-04,4.594737762913549389e-04
2.511438183581671879e+01,4.463460396828296934e-04,3.323196062190600592e-04,4.461295069985948781e-04
2.519447828013845836e+01,4.330539439486756018e-04,3.323278554138482535e-04,4.328373496316335303e-04
2.527457472446020148e+01,4.211553956080951538e-04,3.364253112701011167e-04,4.209547448381756427e-04
2.535467116878194105e+01,4.118759166267009432e-04,3.448497071823971596e-04,4.117051994311069938e-04
2.543476761310368062e+01,4.061684704499481406e-04,3.575743177760178906e-04,4.060381789833604179e-04
2.551486405742542374e+01,4.046029599106955809e-04,3.742770385505306686e-04,4.045190165317823932e-04
2.559496050174716331e+01,4.072978999219062954e-04,3.943327022559510410e-04,4.072611047206555574e-04
2.567505694606890287e+01,4.139018430423664868e-04,4.168319450269255774e-04,4.139078894347034392e-04
2.575515339039064244e+01,4.236266338238313368e-04,4.406274954597056738e-04,4.236666776424027002e-04
2.583524983471238556e+01,4.353288929731686792e-04,4.644059131220352695e-04,4.353906009400503431e-04
2.591534627903412513e+01,4.476308818940001773e-04,4.867798421968624434e-04,4.476998355532356205e-04
2.599544272335586470e+01,4.590676246741375185e-04,5.063931409349894290e-04,4.591289206900102870e-04
2.607553916767760427e+01,4.682443253251351964e-04,5.220291952222114694e-04,4.682841958344064891e-04
2.615563561199934739e+01,4.739870262271348171e-04,5.327116808147012213e-04,4.739943051063619304e-04
2.623573205632108696e+01,4.754702367151771090e-04,5.377872466269266374e-04,4.754375185641729340e-04
2.631582850064282653e+01,4.723078343784824196e-04,5.369811217553075106e-04,4.722322100491453418e-04
2.639592494496456965e+01,4.645976093491103651e-04,5.304193701877396930e-04,4.644809104773142271e-04
2.647602138928630922e+01,4.529149050750675798e-04,5.186151038723453436e-04,4.527634445170343079e-04
2.655611783360804878e+01,4.382563083376124274e-04,5.024199453680624127e-04,4.380801573267136483e-04
2.663621427792978835e+01,4.219396191584640554e-04,4.829458663862628404e-04,4.217515093326026725e-04
2.671631072225153147e+01,4.054708017456675286e-04,4.614657035721287130e-04,4.052847760015697558e-04
2.679640716657327104e+01,3.903918238506019116e-04,4.393027641930010645e-04,3.902217810205181733e-04
2.687650361089501061e+01,3.781249566696523782e-04,4.177207511003429513e-04,3.779832400423722397e-04
2.695660005521675018e+01,3.698291488093009946e-04,3.978247261686359290e-04,3.697253182088910419e-04
2.703669649953849330e+01,3.662826014233063940e-04,3.804821482388314412e-04,3.662225051519169103e-04
2.711679294386023287e+01,3.678028897091641710e-04,3.662704610574207863e-04,3.677881194173587831e-04
2.719688938818197244e+01,3.742122185831316984e-04,3.554546434972008940e-04,3.742399907954570780e-04
2.727698583250371556e+01,3.848510322850457496e-04,3.479949566225590154e-04,3.849144986681342188e-04
2.735708227682545512e+01,3.986385992097940209e-04,3.435821767404731593e-04,3.987275472931303905e-04
2.743717872114719469e+01,4.141747451720392630e-04,3.416951603044093822e-04,4.142766153496157608e-04
2.751727516546893426e+01,4.298729834399675704e-04,3.416738236104120956e-04,4.299740995455551352e-04
2.759737160979067738e+01,4.441122412279946982e-04,3.427996266960477265e-04,4.441991331873642885e-04
2.767746805411241695e+01,4.553925191264876124e-04,3.443754393367273259e-04,4.554532089322459393e-04
2.775756449843415652e+01,4.624793698472480031e-04,3.457971894395582340e-04,4.625044972902628716e-04
2.783766094275589609e+01,4.645231469411115113e-04,3.466108554708747114e-04,4.645068289253805396e-04
2.791775738707763921e+01,4.611414890340983543e-04,3.465500331508044153e-04,4.610818343056605401e-04
2.799785383139937878e+01,4.524572250134231721e-04,3.455513220870149761e-04,4.523564618097097802e-04
2.807795027572111835e+01,4.390883995885786644e-04,3.437469594923574451e-04,4.389526130583776579e-04
2.815804672004286147e+01,4.220919032426730198e-04,3.414362855869837779e-04,4.219304179687429976e-04
2.823814316436460103e+01,4.028666898732562195e-04,3.390395739475137739e-04,4.026911660923211548e-04
2.831823960868634060e+01,3.830262811381386092e-04,3.370393367522333812e-04,3.828496178079356083e-04
2.839833605300808017e+01,3.642528259140947870e-04,3.359152930710742973e-04,3.640879775250284510e-04
2.847843249732982329e+01,3.481462256002617489e-04,3.360796888575131648e-04,3.480050420770350252e-04
2.855852894165156286e+01,3.360817574484846948e-04,3.378195524687350386e-04,3.359739486198855957e-04
2.863862538597330243e+01,3.290883872511775267e-04,3.412517812453518744e-04,3.290206972322678156e-04
2.871872183029504200e+01,3.277578100792853623e-04,3.462957480082170430e-04,3.277334650584889800e-04
2.879881827461678512e+01,3.321914699954638442e-04,3.526664918829270365e-04,3.322099378612764636e-04
2.887891471893852469e+01,3.419896388147736568e-04,3.598896450659747667e-04,3.420467129033813317e-04
2.895901116326026425e+01,3.562832852556606085e-04,3.673371991685559119e-04,3.563714788473944825e-04
2.903910760758200738e+01,3.738061060548133335e-04,3.742812036087332975e-04,3.739153202962526828e-04
2.911920405190374694e+01,3.930008778563660074e-04,3.799606972927431188e-04,3.931192846001112609e-04
2.919930049622548651e+01,4.121514053222951821e-04,3.836557844229412061e-04,4.122664691292857652e-04
2.927939694054722608e+01,4.295290114211148679e-04,3.847619342550357042e-04,4.296285630400557549e-04
2.935949338486896920e+01,4.435409958870252154e-04,3.828574243980695951e-04,4.436142643800505651e-04
2.943958982919070877e+01,4.528680223937281359e-04,3.777573976876779228e-04,4.529065359485378727e-04
2.951968627351244834e+01,4.565781556933588316e-04,3.695492154856619697e-04,4.565764326131085179e-04
2.959978271783418791e+01,4.542072910563091912e-04,3.586055270223529093e-04,4.541632619580125143e-04
2.967987916215593103e+01,4.457988537794360011e-04,3.455735231468857896e-04,4.457139819249869919e-04
2.975997560647767060e+01,4.318995663365105854e-04,3.313409524840005890e-04,4.317786623999597109e-04
2.984007205079941016e+01,4.135123134016801985e-04,3.169814038582392563e-04,4.133630702595372081e-04
2.992016849512115328e+01,3.920111487448964434e-04,3.036829087247019292e-04,3.918434474042104226e-04
3.000026493944289285e+01,3.690267916317458330e-04,2.926649855988916601e-04,3.688518481468531065e-04
3.008036138376463242e+01,3.463131968089013728e-04,2.850898282329915020e-04,3.461426301393852453e-04
3.016045782808637199e+01,3.256067900780694143e-04,2.819735082390896269e-04,3.254516919512311611e-04
3.024055427240811511e+01,3.084897883131631807e-04,2.841029457887462011e-04,3.083598693419516905e-04
3.032065071672985468e+01,2.962678872673918970e-04,2.919641204105705374e-04,2.961707609428595100e-04
3.040074716105159425e+01,2.898708169326925693e-04,3.056866178887035273e-04,2.898114672027581507e-04
3.048084360537333382e+01,2.897821519970357105e-04,3.250091275021537644e-04,2.897626133187282643e-04
3.056094004969507694e+01,2.960025706294458925e-04,3.492698228006495872e-04,2.960218333300576187e-04
3.064103649401681650e+01,3.080486087651407843e-04,3.774245348168980808e-04,3.081027480793078490e-04
3.072113293833855607e+01,3.249868759716997260e-04,4.080941221550286185e-04,3.250693902627486455e-04
3.080122938266029919e+01,3.455016304934076569e-04,4.396403954878808193e-04,3.456039625052836363e-04
3.088132582698203876e+01,3.679915032308251959e-04,4.702674340716828019e-04,3.681037073592850197e-04
3.096142227130377833e+01,3.906890308142736039e-04,4.981423669164799757e-04,3.908005393716672423e-04
3.104151871562552145e+01,4.117946373813553720e-04,5.215270513965804960e-04,4.118950703441472409e-04
3.112161515994726102e+01,4.296150380228666468e-04,5.389100186126730098e-04,4.296949950695386992e-04
3.120171160426900059e+01,4.426950372880607710e-04,5.491270056226338174e-04,4.427468095979339869e-04
3.128180804859074016e+01,4.499316641248708596e-04,5.514586785500041671e-04,4.499498077327822960e-04
3.136190449291247972e+01,4.506607149137784843e-04,5.456958777664141450e-04,4.506424379907058913e-04
3.144200093723421929e+01,4.447080810120019418e-04,5.321657404878258127e-04,4.446534137729980015e-04
3.152209738155596597e+01,4.324015103748444469e-04,5.117159839049004134e-04,4.323132467392109103e-04
3.160219382587770554e+01,4.145422892650857372e-04,4.856588916623044618e-04,4.144257113066218971e-04
3.168229027019944510e+01,3.923401981736004420e-04,4.556805014217429135e-04,3.922026147568315646e-04
3.176238671452118467e+01,3.673184463341242780e-04,4.237235714144584834e-04,3.671685932896050176e-04
3.184248315884292424e+01,3.411976711332142219e-04,3.918547236797784486e-04,3.410450298452808132e-04
3.192257960316466381e+01,3.157692453047026356e-04,3.621265939869158551e-04,3.156233388636933007e-04
3.200267604748640338e+01,2.927680496318699568e-04,3.364450068137461226e-04,2.926377712866394250e-04
3.208277249180814295e+01,2.737537536654704789e-04,3.164494999499885318e-04,2.736467728905423130e-04
3.216286893612988962e+01,2.600078737216793496e-04,3.034134241734988326e-04,2.599301531430135833e-04
3.224296538045162919e+01,2.524518743814188311e-04,2.981678046119195786e-04,2.524073184982790312e-04
3.232306182477336876e+01,2.515897195800194646e-04,3.010515095033738323e-04,2.515799655670634635e-04
3.240315826909510832e+01,2.574767902346441323e-04,3.118891622208792890e-04,2.575011430770731248e-04
3.248325471341684789e+01,2.697160077267092776e-04,3.299975652422092718e-04,2.697715164648830971e-04
3.256335115773858746e+01,2.874812031359971938e-04,3.542209168128507149e-04,2.875628711550760235e-04
3.264344760206032703e+01,3.095670089213597032e-04,3.829944506951711786e-04,3.096681276652927021e-04
3.272354404638207370e+01,3.344635691323873897e-04,4.144350172113868283e-04,3.345761600972292052e-04
3.280364049070381327e+01,3.604530016244035734e-04,4.464554036112157454e-04,3.605683453241178464e-04
3.288373693502555284e+01,3.857228004757106365e-04,4.768969409362389545e-04,3.858320234886247432e-04
3.296383337934729241e+01,4.084894288097628157e-04,5.036724722424243492e-04,4.085841121319311038e-04
3.304392982366903198e+01,4.271235711591564389e-04,5.249095461593764576e-04,4.271963366947193808e-04
3.312402626799077154e+01,4.402673178478861316e-04,5.390822946310659365e-04,4.403123469229520580e-04
3.320412271231251111e+01,4.469333348892269705e-04,5.451203215690053226e-04,4.469467747747759515e-04
3.328421915663425779e+01,4.465770783046339124e-04,5.424843310742088250e-04,4.465573005922967003e-04
3.336431560095599735e+01,4.391353597260571045e-04,5.312011290112400846e-04,4.390830475692831993e-04
3.344441204527773692e+01,4.250278220730739696e-04,5.118546992503830283e-04,4.249458801662648819e-04
3.352450848959947649e+01,4.051216798398708536e-04,4.855346914639981234e-04,4.050149790649197222e-04
3.360460493392121606e+01,3.806638278532994187e-04,4.537481318436606295e-04,3.805388129289538428e-04
3.368470137824295563e+01,3.531875309333606223e-04,4.183037707177631251e-04,3.530517315785190150e-04
3.376479782256469520e+01,3.244029056401354777e-04,3.811806698066481946e-04,3.242643979611344756e-04
3.384489426688643476e+01,2.960810511847649360e-04,3.443931451261359562e-04,2.959479156735868853e-04
3.392499071120818144e+01,2.699410099706615537e-04,3.098630845759104682e-04,2.698208263945041938e-04
3.400508715552992101e+01,2.475470257538188164e-04,2.793083158165821718e-04,2.474464351318537416e-04
3.408518359985166057e+01,2.302212854777251896e-04,2.541526780865523507e-04,2.301456376909242216e-04
3.416528004417340014e+01,2.189750093670844158e-04,2.354603871120608300e-04,2.189281041692381650e-04
3.424537648849513971e+01,2.144588592452518257e-04,2.238947348906894887e-04,2.144427804369764554e-04
3.432547293281687928e+01,2.169324632605652196e-04,2.196995007380874267e-04,2.169475015056667420e-04
3.440556937713861885e+01,2.262524704797166020e-04,2.227007704380053773e-04,2.262971295296590580e-04
3.448566582146036552e+01,2.418787815542017858e-04,2.323270086637789500e-04,2.419498643569084053e-04
3.456576226578210509e+01,2.628991052259878943e-04,2.476458480210543163e-04,2.629918787560766029e-04
3.464585871010384466e+01,2.880723418425363766e-04,2.674166951335736164e-04,2.881807806088164869e-04
3.472595515442558423e+01,3.158911148410904692e-04,2.901584916216811858e-04,3.160082214253275099e-04
3.480605159874732379e+01,3.446628327357538078e-04,3.142315326293507204e-04,3.447810287550087411e-04
3.488614804306906336e+01,3.726069655183968316e-04,3.379310843501734667e-04,3.727185384938996090e-04
3.496624448739080293e+01,3.979639990364922434e-04,3.595888386991596421e-04,3.980615812050603800e-04
3.504634093171254960e+01,4.191092224783699027e-04,3.776763766924162670e-04,4.191862686955787477e-04
3.512643737603428917e+01,4.346626395165121681e-04,3.909032638459251506e-04,4.347138653646034716e-04
3.520653382035602874e+01,4.435853769791064894e-04,3.983016357815795036e-04,4.436071169279848150e-04
3.528663026467776831e+01,4.452533467970407922e-04,3.992894798942044987e-04,4.452437968313671169e-04
3.536672670899950788e+01,4.395007004814130576e-04,3.937063855708165545e-04,4.394600198912024247e-04
3.544682315332124745e+01,4.266286168252282868e-04,3.818181670042963740e-04,4.265588785470365027e-04
3.552691959764298701e+01,4.073787390142541583e-04,3.642900689190203627e-04,4.072837347272263622e-04
3.560701604196472658e+01,3.828745101415799738e-04,3.421316998429726032e-04,3.827594324920605964e-04
3.568711248628647326e+01,3.545370848959373774e-04,3.166198132316752232e-04,3.544081220543410932e-04
3.576720893060821282e+01,3.239848534079435767e-04,2.892070730610554535e-04,3.238487386047247518e-04
3.584730537492995239e+01,2.929265475920896132e-04,2.614256889287771700e-04,2.927901073447575610e-04
3.592740181925169196e+01,2.630573412427575472e-04,2.347942322743618287e-04,2.629270809113152304e-04
3.600749826357343153e+01,2.359655242431018998e-04,2.107342559867072737e-04,2.358472797085315849e-04
3.608759470789517110e+01,2.130546855646120615e-04,1.905009488421848581e-04,2.129533573850963895e-04
3.616769115221691067e+01,1.954834669142232529e-04,1.751294918010739556e-04,1.954028407608451509e-04
3.624778759653865734e+01,1.841224378280098193e-04,1.653965701868633821e-04,1.840650846078338348e-04
3.632788404086039691e+01,1.795259588292279424e-04,1.617950445086793266e-04,1.794932012795891305e-04
3.640798048518213648e+01,1.819162890733873902e-04,1.645193052946191900e-04,1.819082194228852914e-04
3.648807692950387604e+01,1.911776432347807092e-04,1.734593091175055664e-04,1.911931784269803140e-04
3.656817337382561561e+01,2.068591440409707667e-04,1.882024655510246768e-04,2.068961097935491768e-04
3.664826981814735518e+01,2.281872029006837515e-04,2.080440064673001678e-04,2.282424437671789564e-04
3.672836626246909475e+01,2.540892633739462816e-04,2.320077400367948138e-04,2.541587811002816110e-04
3.680846270679084142e+01,2.832315745543289177e-04,2.588797333984334541e-04,2.833106997881156344e-04
3.688855915111258099e+01,3.140733919281002168e-04,2.872571841925406324e-04,3.141569938000966376e-04
3.696865559543432056e+01,3.449386350147685075e-04,3.156134506889750335e-04,3.450213691685169795e-04
3.704875203975606013e+01,3.741037330956639598e-04,3.423780737666103947e-04,3.741803221533672409e-04
3.712884848407779970e+01,3.998975712533895050e-04,3.660280193965079047e-04,3.999631039234518540e-04
3.720894492839953926e+01,4.208066771701276122e-04,3.851838193783365988e-04,4.208569050439213682e-04
3.728904137272127883e+01,4.355766746737667425e-04,3.987023487912745275e-04,4.356082810123674902e-04
3.736913781704301840e+01,4.433000924709033178e-04,4.057571246604373258e-04,4.433109063007519305e-04
3.744923426136476508e+01,4.434811676934926282e-04,4.058975245007943660e-04,4.434702999254947126e-04
3.752933070568650464e+01,4.360703517194741740e-04,3.990802285296586377e-04,4.360382374986486518e-04
3.760942715000824421e+01,4.214645374247473117e-04,3.856692335406561030e-04,4.214128793759520713e-04
3.768952359432998378e+01,4.004730568846615719e-04,3.664044871396804522e-04,4.004046755879202800e-04
3.776962003865172335e+01,3.742535707012591010e-04,3.423429291584728553e-04,3.741721795865479250e-04
3.784971648297346292e+01,3.442253939571422771e-04,3.147788707245845977e-04,3.441353239808604475e-04
3.792981292729520248e+01,3.119700121202989150e-04,2.851526721956765048e-04,3.118759157272435229e-04
3.800990937161694916e+01,2.791292002625805294e-04,2.549572948668542326e-04,2.790357636855118699e-04
3.809000581593868873e+01,2.473102326712004915e-04,2.256514630429615567e-04,2.472219208862392768e-04
3.817010226026042830e+01,2.180054127001013176e-04,1.985861152173569759e-04,2.179262634339775267e-04
3.825019870458216786e+01,1.925300531828349007e-04,1.749479904984667248e-04,1.924635268897988030e-04
3.833029514890390743e+01,1.719797142788249717e-04,1.557211515948080994e-04,1.719285978038984899e-04
3.841039159322564700e+01,1.572045826201716521e-04,1.416645562863117511e-04,1.571709370160751516e-04
3.849048803754738657e+01,1.487968650338424112e-04,1.333019208553912378e-04,1.487820039084325236e-04
3.857058448186913324e+01,1.470862804867751575e-04,1.309193526215870519e-04,1.470907648601258669e-04
3.865068092619087281e+01,1.521392215632103256e-04,1.345666178948679470e-04,1.521628602977717799e-04
3.873077737051261238e+01,1.637587250655188418e-04,1.440592819290150567e-04,1.638005756093089391e-04
3.881087381483435195e+01,1.814846350853146996e-04,1.589809473842532673e-04,1.815430061522565401e-04
3.889097025915609152e+01,2.045957276097983555e-04,1.786869513209946936e-04,2.046681919007065878e-04
3.897106670347783108e+01,2.321175328935636407e-04,2.023126579758910946e-04,2.322009624997796451e-04
3.905116314779957065e+01,2.628406587102147078e-04,2.287904760080712401e-04,2.629312972712157751e-04
3.913125959212131022e+01,2.953542741927323262e-04,2.568796575072708021e-04,2.954478576295991796e-04
3.921135603644305689e+01,3.280979862135463879e-04,2.852117334934589003e-04,3.281899180900589444e-04
3.929145248076479646e+01,3.594328132247631615e-04,3.123522670944391295e-04,3.595183923822256383e-04
3.937154892508653603e+01,3.877287550383601202e-04,3.368768277493661796e-04,3.878034435827990055e-04
3.945164536940827560e+01,4.114631552109241784e-04,3.574562184358352573e-04,4.115228660047736374e-04
3.953174181373001517e+01,4.293212971283612268e-04,3.729435843322124826e-04,4.293626734458662114e-04
3.961183825805175474e+01,4.402890408071759016e-04,3.824545988003895435e-04,4.403096981807808237e-04
3.969193470237349430e+01,4.437271865178415249e-04,3.854318041296745127e-04,4.437258887941390468e-04
3.977203114669524098e+01,4.394187661576897134e-04,3.816854883575091515e-04,4.393955143162072211e-04
3.985212759101698055e+01,4.275834332311833383e-04,3.714060495547315353e-04,4.275394556640972209e-04
3.993222403533872011e+01,4.088570904159908757e-04,3.551462382865988175e-04,4.087947354983703543e-04
4.001232047966045968e+01,3.842392107780968858e-04,3.337754129671367462e-04,3.841617546699822102e-04
4.009241692398219925e+01,3.550142572580856698e-04,3.084113673346846685e-04,3.549256499680561233e-04
4.017251336830393882e+01,3.226565369937759386e-04,2.803378303363094444e-04,3.225611161801875582e-04
4.025260981262567839e+01,2.887292854844024413e-04,2.509169986272162469e-04,2.886314893385481112e-04
4.033270625694742506e+01,2.547885754703963120e-04,2.215062794871169112e-04,2.546926832123138653e-04
4.041280270126916463e+01,2.223008977171657776e-04,1.933868938338059154e-04,2.222108194521176005e-04
4.049289914559090420e+01,1.925803387936229601e-04,1.677094402240396115e-04,1.924994670800794219e-04
4.057299558991264377e+01,1.667477384260038773e-04,1.454584342449984145e-04,1.666788636097868382e-04
4.065309203423438333e+01,1.457106723214750352e-04,1.274347599901159782e-04,1.456559542471268329e-04
4.073318847855612290e+01,1.301601613683680907e-04,1.142524132821867694e-04,1.301211429736875459e-04
4.081328492287786247e+01,1.205781047933686813e-04,1.063442737893675037e-04,1.205557493198464061e-04
4.089338136719960914e+01,1.172488232452342707e-04,1.039711346475463249e-04,1.172435567342417314e-04
4.097347781152134871e+01,1.202688017951343091e-04,1.072288651502089843e-04,1.202805459371570880e-04
4.105357425584308828e+01,1.295505504791110839e-04,1.160502160950186579e-04,1.295787369441172058e-04
4.113367070016482785e+01,1.448190834786141279e-04,1.302000745679620687e-04,1.448626483873441102e-04
4.121376714448656742e+01,1.656023751487978952e-04,1.492655091464672437e-04,1.656597399529402504e-04
4.129386358880830699e+01,1.912197588741398923e-04,1.726442539352551840e-04,1.912888102118330243e-04
4.137396003313004655e+01,2.207741070704108573e-04,1.995369280040092987e-04,2.208521919792037259e-04
4.145405647745178612e+01,2.531543923883647026e-04,2.289489407211921376e-04,2.532383458098730637e-04
4.153415292177353280e+01,2.870546792369727310e-04,2.597075120505492316e-04,2.871408977804306372e-04
4.161424936609527236e+01,3.210137436514452574e-04,2.904975508558500503e-04,3.210983134323673756e-04
4.169434581041701193e+01,3.534766073742285773e-04,3.199174979139610586e-04,3.535554853147078805e-04
4.177444225473875150e+01,3.828757403020017439e-04,3.465530504110130245e-04,3.829449789293452172e-04
4.185453869906049107e+01,4.077261161765255589e-04,3.690634650686160372e-04,4.077821132917194098e-04
4.193463514338223064e+01,4.267253281598407501e-04,3.862724542239412331e-04,4.267650763459932862e-04
4.201473158770397021e+01,4.388481471398116571e-04,3.972540513487144397e-04,4.388694552060805549e-04
4.209482803202571688e+01,4.434246254632090455e-04,4.014035808282796162e-04,4.434262852655457428e-04
4.217492447634745645e+01,4.401922442726721339e-04,3.984851402342305497e-04,4.401741218860466564e-04
4.225502092066919602e+01,4.293155114897986954e-04,3.886496446816023985e-04,4.292785506462792303e-04
4.233511736499093558e+01,4.113704034869318407e-04,3.724210970179370910e-04,4.113165401384219488e-04
4.241521380931267515e+01,3.872954723613633056e-04,3.506527599279384098e-04,3.872274704081960905e-04
4.249531025363441472e+01,3.583155973664506311e-04,3.244586683529928121e-04,3.582368252125596388e-04
4.257540669795615429e+01,3.258475811721583439e-04,2.951288320614377323e-04,3.257617553249455341e-04
4.265550314227790096e+01,2.913985910921232771e-04,2.640380952119947234e-04,2.913095155909200683e-04
4.273559958659964053e+01,2.564685917335723909e-04,2.325587319673564691e-04,2.563799205506154372e-04
4.281569603092138010e+01,2.224664654007080104e-04,2.019855147520983256e-04,2.223815096124426424e-04
4.289579247524311967e+01,1.906467866392445919e-04,1.734794812430761073e-04,1.905683801884344546e-04
4.297588891956485924e+01,1.620707101851423548e-04,1.480334046897476658e-04,1.620011388610419645e-04
4.305598536388659880e+01,1.375907349861138973e-04,1.264585765429241890e-04,1.375317243235439147e-04
4.313608180820833837e+01,1.178557890287832848e-04,1.093894629478642672e-04,1.178085394653315582e-04
4.321617825253007794e+01,1.033306013389082218e-04,9.730052568863652195e-05,1.032958541010828339e-04
4.329627469685182461e+01,9.432198530030711685e-05,9.052828505343334304e-05,9.430010057886709541e-05
4.337637114117356418e+01,9.100456119619602512e-05,8.929165899119220458e-05,9.099559121436330566e-05
4.345646758549530375e+01,9.343952688185904896e-05,9.370468716553325209e-05,9.344327005127026553e-05
4.353656402981704332e+01,1.015821258558843393e-04,1.037777456491802781e-04,1.015981536515399628e-04
4.361666047413878289e+01,1.152761348847289682e-04,1.194059749694558359e-04,1.153037894730525007e-04
4.369675691846052246e+01,1.342366060604482806e-04,1.403465061540161755e-04,1.342749731421842216e-04
4.377685336278226202e+01,1.580248342669560992e-04,1.661887678304134290e-04,1.580727011437517144e-04
4.385694980710400870e+01,1.860216813942835263e-04,1.963242903449939234e-04,1.860774941521603672e-04
4.393704625142574827e+01,2.174066334034798517e-04,2.299236388240853603e-04,2.174684687471607552e-04
4.401714269574748783e+01,2.511500579115678541e-04,2.659281526407076017e-04,2.512156242730571843e-04
4.409723914006922740e+01,2.860249741001608960e-04,3.030629351702294962e-04,2.860916532073527730e-04
4.417733558439096697e+01,3.206423243042705014e-04,3.398750982640502249e-04,3.207072588187928315e-04
4.425743202871270654e+01,3.535105156931524282e-04,3.747978917380151995e-04,3.535707415499716468e-04
4.433752847303444611e+01,3.831163191505531219e-04,4.062374925406964273e-04,3.831689338720826662e-04
4.441762491735619278e+01,4.080206273115849882e-04,4.326754727296104348e-04,4.080629789862741516e-04
4.449772136167793235e+01,4.269596762480078710e-04,4.527769318778953819e-04,4.269895531769186199e-04
4.457781780599967192e+01,4.389406491446006171e-04,4.654925208766111247e-04,4.389564482454397384e-04
4.465791425032141149e+01,4.433204586047061625e-04,4.701424744896662527e-04,4.433213119756054441e-04
4.473801069464315106e+01,4.398580505127602097e-04,4.664724204032303506e-04,4.398438940187456275e-04
4.481810713896489062e+01,4.287336055714943608e-04,4.546739526945616427e-04,4.287051802996874887e-04
4.489820358328663019e+01,4.105320896592113897e-04,4.353672777159429421e-04,4.104908755194980547e-04
4.497830002760836976e+01,3.861930873524482529e-04,4.095479903606473460e-04,3.861411766454495172e-04
4.505839647193011643e+01,3.569330376700140055e-04,3.785044709931011759e-04,3.568729637587239167e-04
4.513849291625185600e+01,3.241492288268015584e-04,3.437158219989865896e-04,3.240837700238203352e-04
4.521858936057359557e+01,2.893167272060667597e-04,3.067421887382488100e-04,2.892487079491526218e-04
4.529868580489533514e+01,2.538895980687123737e-04,2.691195044867924113e-04,2.538217082627861965e-04
4.537878224921707471e+01,2.192163856026999676e-04,2.322692322116069665e-04,2.191510350424937306e-04
4.545887869353881428e+01,1.864771710764244808e-04,1.974308815250636236e-04,1.864163899328938746e-04
4.553897513786055384e+01,1.566461062484571123e-04,1.656214734227906267e-04,1.565914957422317490e-04
4.561907158218230052e+01,1.304796826488056698e-04,1.376222998537618338e-04,1.304324133154183903e-04
4.569916802650404009e+01,1.085276739122445711e-04,1.139898378615917211e-04,1.084885232059053402e-04
4.577926447082577965e+01,9.116109562878242992e-05,9.508496763487416371e-05,9.113051265641116793e-05
4.585936091514751922e+01,7.860992595347801517e-05,8.111298004999409979e-05,7.858810919113082825e-05
4.593945735946925879e+01,7.100281503927428006e-05,7.216633327750728976e-05,7.098978895815326469e-05
4.601955380379099836e+01,6.840153156260478969e-05,6.826266543581305127e-05,6.839720993356276446e-05
4.609965024811273793e+01,7.082429287668805555e-05,6.937201402951562624e-05,7.082851972382270115e-05
4.617974669243448460e+01,7.825417941141690227e-05,7.542928992144977516e-05,7.826674266557748574e-05
4.625984313675622417e+01,9.063129035044042059e-05,8.633053333725661000e-05,9.065190771769459852e-05
4.633993958107796374e+01,1.078298919863961093e-04,1.019140681649363829e-04,1.078581729206583252e-04
4.642003602539970331e+01,1.296242759781884672e-04,1.219301025311903317e-04,1.296596674898177178e-04
4.650013246972144287e+01,1.556491174487418670e-04,1.460043440313248922e-04,1.556908443879271415e-04
4.658022891404318244e+01,1.853615482803105464e-04,1.736025708836863482e-04,1.854085603519226022e-04
4.666032535836492201e+01,2.180127151576955000e-04,2.040036235822777384e-04,2.180636529813726431e-04
4.674042180268666158e+01,2.526361144335165752e-04,2.362878155186713745e-04,2.526893053193305879e-04
4.682051824700840825e+01,2.880584313975791165e-04,2.693462643826994955e-04,2.881119222131865330e-04
4.690061469133014782e+01,3.229360486613335477e-04,3.019142109849080619e-04,3.229876785050226230e-04
4.698071113565188739e+01,3.558170816068702670e-04,3.326282631952527159e-04,3.558645915020582778e-04
4.706080757997362696e+01,3.852251604108277946e-04,3.601040695048422910e-04,3.852663316372255419e-04
4.714090402429536653e+01,4.097577329152420739e-04,3.830276818076641231e-04,4.097905407372650147e-04
4.722100046861710609e+01,4.281889686674598570e-04,4.002513321508914946e-04,4.282117349308538147e-04
4.730109691293884566e+01,4.395658921625748795e-04,4.108829807744109053e-04,4.395774191398514304e-04
4.738119335726059234e+01,4.432864840349100646e-04,4.143590915654876087e-04,4.432861533183826588e-04
4.746128980158233190e+01,4.391502375061482341e-04,4.104917243968298174e-04,4.391380615719115733e-04
4.754138624590407147e+01,4.273748394650979171e-04,3.994840092134750069e-04,4.273514592409607656e-04
4.762148269022581104e+01,4.085768011389549390e-04,3.819119530636113985e-04,4.085434296433298465e-04
4.770157913454755061e+01,3.837183547225789617e-04,3.586747316603358486e-04,3.836766735524502550e-04
4.778167557886929018e+01,3.540270610825294734e-04,3.309194781683794519e-04,3.539790821778770590e-04
4.786177202319102975e+01,3.208977109478248634e-04,2.999495158083843242e-04,3.208456198095202723e-04
4.794186846751277642e+01,2.857878036844198701e-04,2.671265724722129888e-04,2.857338015846587129e-04
4.802196491183451599e+01,2.501179686556629549e-04,2.337775920399339587e-04,2.500641302888710377e-04
4.810206135615625556e+01,2.151872470031107663e-04,2.011154055809283271e-04,2.151354068217963358e-04
4.818215780047799512e+01,1.821105093754710864e-04,1.701800578778819308e-04,1.820621851915841605e-04
4.826225424479973469e+01,1.517819389394133099e-04,1.418044605458140903e-04,1.517382960625607009e-04
4.834235068912147426e+01,1.248650040490168096e-04,1.166047725550911044e-04,1.248268580936343975e-04
4.842244713344321383e+01,1.018061782633253732e-04,9.499295718820287304e-05,1.017740304615590344e-04
4.850254357776495340e+01,8.286720822060802375e-05,7.720667837455588939e-05,8.284130406672336711e-05
4.858264002208670007e+01,6.816918764637775613e-05,6.335027039447521061e-05,6.814958814899436533e-05
4.866273646640843964e+01,5.774110855826098787e-05,5.343997919827485381e-05,5.772776323011562130e-05
4.874283291073017921e+01,5.156583665683058627e-05,4.744694291778491434e-05,5.155864840305357652e-05
4.882292935505191878e+01,4.961742519711456729e-05,4.533228996764672848e-05,4.961629916580953043e-05
4.890302579937365834e+01,5.188514258771831383e-05,4.707009711131661622e-05,5.189001351033319868e-05
4.898312224369539791e+01,5.838136105632556639e-05,5.265559303358470592e-05,5.839219636538244300e-05
4.906321868801713748e+01,6.913238937511814155e-05,6.209777496157369838e-05,6.914916824063348602e-05
4.914331513233888415e+01,8.415331615184440135e-05,7.539741805729063199e-05,8.417598736851287762e-05
4.922341157666062372e+01,1.034098578155482750e-04,9.251320497189943889e-05,1.034382820549882331e-04
4.930350802098236329e+01,1.267719595807591140e-04,1.133202817781326255e-04,1.268058437265224484e-04
4.938360446530410286e+01,1.539653279714810218e-04,1.375668246968704631e-04,1.540041608644418959e-04
4.946370090962584243e+01,1.845279952642163413e-04,1.648350181069890017e-04,1.845709949526336854e-04
4.954379735394758200e+01,2.177792319998834731e-04,1.945130254161763514e-04,2.178253142685284327e-04
4.962389379826932156e+01,2.528074657937097220e-04,2.257839336832084289e-04,2.528552421691915644e-04
4.970399024259106824e+01,2.884822493818579446e-04,2.576361979048000760e-04,2.885300599524697504e-04
4.978408668691280781e+01,3.234927998168488040e-04,2.888978490566240353e-04,3.235387822465473815e-04
4.986418313123454737e+01,3.564124222404250401e-04,3.182938568148985280e-04,3.564546137080116823e-04
4.994427957555628694e+01,3.857846181383286816e-04,3.445228949021224502e-04,3.858210822035309335e-04
5.002437601987802651e+01,4.102233628761495720e-04,3.663467934638134577e-04,4.102523291880875436e-04
5.010447246419976608e+01,4.285174650012377683e-04,3.826836644360397523e-04,4.285374670338590623e-04
5.018456890852150565e+01,4.397275726120308706e-04,3.926944827374187963e-04,4.397375677920143007e-04
5.026466535284325232e+01,4.432645868337263778e-04,3.958530807804189135e-04,4.432640447919131968e-04
5.034476179716499189e+01,4.389400512860646103e-04,3.919911303918219682e-04,4.389289994235294999e-04
5.042485824148673146e+01,4.269823036056028020e-04,3.813125607997601158e-04,4.269613242592742780e-04
5.050495468580847103e+01,4.080163405388711139e-04,3.643755829600283476e-04,4.079865199986719361e-04
5.058505113013021059e+01,3.830098260901472615e-04,3.420444913970881748e-04,3.829726616364302464e-04
5.066514757445195016e+01,3.531917687827200881e-04,3.154170752843026828e-04,3.531490448662297937e-04
5.074524401877368973e+01,3.199534879841029324e-04,2.857362358833799706e-04,3.199071359295620654e-04
5.082534046309542930e+01,2.847431464591653329e-04,2.542958901039206140e-04,2.846951032196734337e-04
5.090543690741717597e+01,2.489651735866138050e-04,2.223512849413270703e-04,2.489172540672487141e-04
5.098553335173891554e+01,2.138944459001869815e-04,1.910425482207234204e-04,2.138482405232915943e-04
5.106562979606065511e+01,1.806124723245876155e-04,1.613379635679780696e-04,1.805692774168506120e-04
5.114572624038239468e+01,1.499695487591961923e-04,1.340005257158699841e-04,1.499303327314225427e-04
5.122582268470413425e+01,1.225734464312864494e-04,1.095782924064461024e-04,1.225388503168324062e-04
5.130591912902587381e+01,9.880217022433561088e-05,8.841633699237792018e-05,9.877253752602646554e-05
5.138601557334761338e+01,7.883602059240617319e-05,7.068603573832470111e-05,7.881144892450035831e-05
5.146611201766936006e+01,6.270279253142344673e-05,5.642615268422709646e-05,6.268319834940705828e-05
5.154620846199109963e+01,5.032944880792470179e-05,4.558971392002043172e-05,5.031463649046047528e-05
5.162630490631283919e+01,4.159387530144419262e-05,3.809087133282300136e-05,4.158360272754694749e-05
5.170640135063457876e+01,3.637114766549026966e-05,3.384665364018028528e-05,3.636518188948748210e-05
5.178649779495631833e+01,3.456987936938051600e-05,3.280948911567471710e-05,3.456803772396310504e-05
5.186659423927805790e+01,3.615548941022416813e-05,3.498749622119442685e-05,3.615766312645858334e-05
5.194669068359979747e+01,4.115850296982186672e-05,4.045067708357850196e-05,4.116466205908479525e-05
5.202678712792154414e+01,4.966723701287481166e-05,4.932228533793249438e-05,4.967741667535483587e-05
5.210688357224328371e+01,6.180544115174731624e-05,6.175579563287380115e-05,6.181971139205077559e-05
5.218698001656502328e+01,7.769670060442947473e-05,7.789911387474313868e-05,7.771512209701821614e-05
5.226707646088676285e+01,9.741868126745963595e-05,9.784894678869960770e-05,9.744125183990432230e-05
5.234717290520850241e+01,1.209515683231583922e-04,1.215995485630890090e-04,1.209781656589010724e-04
5.242726934953024198e+01,1.481262038220246312e-04,1.489912554480679282e-04,1.481565309864710830e-04
5.250736579385198155e+01,1.785782770312952395e-04,1.796651086266818904e-04,1.786118179858975645e-04
5.258746223817372112e+01,2.117152338834477532e-04,2.130302139656490841e-04,2.117512260369349504e-04
5.266755868249546779e+01,2.467021295164053152e-04,2.482500703543374715e-04,2.467395593743000777e-04
5.274765512681720736e+01,2.824713067584160996e-04,2.842527699225865976e-04,2.825089327835166595e-04
5.282775157113894693e+01,3.177585346340881562e-04,3.197677246189741885e-04,3.177949385983863369e-04
5.290784801546068650e+01,3.511652496929343684e-04,3.533885715913284123e-04,3.511989143527156606e-04
5.298794445978242607e+01,3.812431522086005093e-04,3.836585011455207438e-04,3.812725595105844476e-04
5.306804090410416563e+01,4.065941017916117374e-04,4.091709230150275696e-04,4.066178425728553042e-04
5.314813734842590520e+01,4.259755777236649008e-04,4.286756890085246575e-04,4.259924615701846714e-04
5.322823379274765188e+01,4.384004224347275830e-04,4.411795310747079583e-04,4.384095754816673212e-04
5.330833023706939144e+01,4.432195278103537588e-04,4.460293121706139247e-04,4.432204670616468199e-04
5.338842668139113101e+01,4.401776747699177677e-04,4.429682455549220632e-04,4.401703499714249230e-04
5.346852312571287058e+01,4.294357408885440212e-04,4.321582595610335060e-04,4.294205387946243863e-04
5.354861957003461015e+01,4.115565294419607466e-04,4.141657476453544564e-04,4.115342399113274246e-04
5.362871601435634972e+01,3.874559338708570924e-04,3.899124314043005916e-04,3.874276819043032897e-04
5.370881245867808929e+01,3.583253421674648760e-04,3.605972807603026378e-04,3.582924940329671685e-04
5.378890890299983596e+01,3.255344651671223679e-04,3.275987356081591466e-04,3.254985195438126681e-04
5.386900534732157553e+01,2.905256712187852253e-04,2.923683839042983150e-04,2.904881474589460829e-04
5.394910179164331510e+01,2.547112102287656240e-04,2.563275540763908754e-04,2.546735453061527371e-04
5.402919823596505466e+01,2.193834760777247110e-04,2.207770385404833765e-04,2.193469397699948794e-04
5.410929468028679423e+01,1.856460012952905665e-04,1.868276953404308558e-04,1.856116360759286316e-04
5.418939112460853380e+01,1.543696867878479044e-04,1.553564645602382543e-04,1.543382753448851964e-04
5.426948756893027337e+01,1.261753939188201609e-04,1.269889400466829902e-04,1.261474537519242012e-04
5.434958401325201294e+01,1.014409767907429943e-04,1.021065684764402119e-04,1.014167784492940182e-04
5.442968045757375961e+01,8.032849173854355500e-05,8.087419144756671481e-05,8.030809526762501050e-05
5.450977690189549918e+01,6.282589315764682296e-05,6.328220715839913998e-05,6.280919633409117082e-05
5.458987334621723875e+01,4.879702775559524022e-05,4.919712378093026554e-05,4.878381965339325071e-05
5.466996979053897832e+01,3.803403416727664218e-05,3.841456649085637571e-05,3.802404828193698847e-05
5.475006623486071788e+01,3.030710143979237025e-05,3.070964234376085734e-05,3.030006374187676157e-05
5.483016267918245745e+01,2.540766316221912134e-05,2.588068526726551544e-05,2.540333175349874723e-05
5.491025912350419702e+01,2.318225619454034018e-05,2.378354895195646497e-05,2.318045047067942327e-05
5.499035556782594369e+01,2.355527956989306445e-05,2.435461462191067236e-05,2.355589780509076344e-05
5.507045201214768326e+01,2.653967256525315580e-05,2.762145817097136238e-05,2.654269758199203610e-05
5.515054845646942283e+01,3.223510979030405778e-05,3.370069922356206581e-05,3.224060290666694301e-05
5.523064490079116240e+01,4.081377862723663063e-05,4.278303091977870046e-05,4.082186249174514590e-05
5.531074134511290197e+01,5.249429136058363180e-05,5.510593874191312374e-05,5.250512271816029956e-05
5.539083778943464154e+01,6.750491526648289334e-05,7.091528667369921849e-05,6.751864925607468384e-05
5.547093423375638110e+01,8.603815374528818016e-05,9.041785442749301677e-05,8.605490205956795166e-05
5.555103067807812778e+01,1.081997725600957291e-04,1.137280389475074974e-04,1.082195586687764304e-04
5.563112712239986735e+01,1.339565308660157139e-04,1.408131724230278362e-04,1.339792463978860617e-04
5.571122356672160691e+01,1.630879479077345024e-04,1.714430467828081148e-04,1.631133150119490837e-04
5.579132001104334648e+01,1.951481517861949910e-04,2.051499957376574587e-04,1.951756966236590000e-04
5.587141645536508605e+01,2.294439447615342421e-04,2.412059840958970898e-04,2.294729869998235472e-04
5.595151289968682562e+01,2.650344625175472487e-04,2.786223618248160564e-04,2.650641246762372926e-04
5.603160934400856519e+01,3.007561040507774393e-04,3.161761540446486086e-04,3.007853427484895575e-04
5.611170578833030476e+01,3.352738344250017237e-04,3.524640520561715261e-04,3.353014931478488715e-04
5.619180223265205143e+01,3.671567729091608739e-04,3.859819167476969369e-04,3.671816531391881942e-04
5.627189867697379100e+01,3.949726003180995372e-04,4.152240528952505787e-04,3.949935451357478532e-04
5.635199512129553057e+01,4.173922841020454824e-04,4.387933209460161132e-04,4.174082661672029958e-04
5.643209156561727013e+01,4.332944715827223917e-04,4.555108936115818746e-04,4.333046761281406957e-04
5.651218800993900970e+01,4.418580862382071647e-04,4.645136064520510150e-04,4.418619796752247227e-04
5.659228445426074927e+01,4.426324264300097793e-04,4.653276546476669932e-04,4.426298024706407661e-04
5.667238089858248884e+01,4.355763933855779832e-04,4.579098343861272443e-04,4.355673910956643028e-04
5.675247734290423551e+01,4.210620698639950567e-04,4.426513058111768519e-04,4.210471614277367606e-04
5.683257378722597508e+01,3.998422025387267549e-04,4.203434078484457681e-04,3.998221522235435930e-04
5.691267023154771465e+01,3.729855403089608152e-04,3.921096796540782118e-04,3.729613395939140202e-04
5.699276667586945422e+01,3.417877650378422930e-04,3.593122214106401796e-04,3.417605515756880446e-04
5.707286312019119379e+01,3.076683542355572107e-04,3.234432632464094527e-04,3.076393238689695796e-04
5.715295956451293335e+01,2.720647900451083029e-04,2.860139404123453817e-04,2.720351113149141074e-04
5.723305600883467292e+01,2.363350035741286026e-04,2.484517197815921410e-04,2.363057430991740131e-04
5.731315245315641960e+01,2.016770185172050089e-04,2.120158978186046674e-04,2.016490835577736628e-04
5.739324889747815917e+01,1.690718490397048832e-04,1.777375305906250076e-04,1.690459508879629791e-04
5.747334534179989873e+01,1.392523505950670306e-04,1.463866262284958483e-04,1.392289896302889606e-04
5.755344178612163830e+01,1.126974664252694422e-04,1.184660053653858975e-04,1.126769371570917060e-04
5.763353823044337787e+01,8.964861625363595022e-05,9.422839857812240422e-05,8.963102877455719601e-05
5.771363467476511744e+01,7.014313794905094107e-05,7.371141840412081126e-05,7.012845109967529033e-05
5.779373111908685701e+01,5.405882997181424710e-05,5.678413577398900658e-05,5.404689120374268397e-05
5.787382756340859657e+01,4.116368603272625834e-05,4.319903803064704950e-05,4.115427331554033150e-05
5.795392400773034325e+01,3.116566100289141686e-05,3.264393621684424219e-05,3.115852295489255415e-05
5.803402045205208282e+01,2.375847980497342005e-05,2.478963098375337488e-05,2.375337128747405046e-05
5.811411689637382239e+01,1.866080707217102394e-05,1.933053361655324022e-05,1.865751854334666318e-05
5.819421334069556195e+01,1.564728455800233546e-05,1.601670868960851691e-05,1.564566435646672093e-05
5.827430978501730152e+01,1.457084417685079256e-05,1.467677698266770545e-05,1.457081349455231412e-05
5.835440622933904109e+01,1.537624181427559372e-05,1.523171032122442716e-05,1.537780240219398367e-05
5.843450267366078066e+01,1.810495005891655929e-05,1.769978055427180939e-05,1.810818474048883354e-05
5.851459911798252733e+01,2.289149461505042278e-05,2.219289016774303865e-05,2.289656056996869132e-05
5.859469556230426690e+01,2.995116912958129647e-05,2.890436237640605285e-05,2.995828379373515507e-05
5.867479200662600647e+01,3.955898588752715047e-05,3.808817432382539969e-05,3.956840533456715096e-05
5.875488845094774604e+01,5.201986995214298852e-05,5.002973411920167215e-05,5.203185989274507943e-05
5.883498489526948561e+01,6.763058894882096066e-05,6.500873963967548691e-05,6.764538906651603139e-05
5.891508133959122517e+01,8.663476174998242546e-05,8.325544906049517086e-05,8.665254497546357034e-05
5.899517778391296474e+01,1.091734455418599229e-04,1.049027833055601915e-04,1.091942749558302784e-04
5.907527422823471142e+01,1.352351038886593824e-04,1.299379177091534879e-04,1.352588910621042818e-04
5.915537067255645098e+01,1.646099677010643770e-04,1.581581724951601768e-04,1.646364371984687940e-04
5.923546711687819055e+01,1.968546276914996305e-04,1.891368008219501890e-04,1.968832929233416075e-04
5.931556356119993012e+01,2.312728564182212564e-04,2.222044245592982425e-04,2.313030118102250572e-04
5.939566000552166969e+01,2.669179329065221400e-04,2.564511715782773985e-04,2.669486663157622560e-04
5.947575644984340926e+01,3.026200441788146045e-04,2.907529377808540263e-04,3.026502716248474084e-04
5.955585289416514883e+01,3.370397509884225681e-04,3.238227134990971298e-04,3.370682732359653669e-04
5.963594933848688839e+01,3.687453042703379502e-04,3.542848406638533201e-04,3.687708819112626405e-04
5.971604578280863507e+01,3.963082242903746854e-04,3.807668267619538673e-04,3.963296651588434300e-04
5.979614222713037464e+01,4.184085467884369526e-04,4.020004533543675151e-04,4.184247972840402516e-04
5.987623867145211420e+01,4.339390444192671946e-04,4.169219042782812716e-04,4.339492750461136400e-04
5.995633511577385377e+01,4.420969870713226308e-04,4.247599239763837162e-04,4.421006625274721867e-04
6.003643156009559334e+01,4.424528469495329929e-04,4.251018262561773501e-04,4.424497725139507360e-04
6.011652800441733291e+01,4.349877520636439058e-04,4.179294779025117157e-04,4.349780906780040409e-04
6.019662444873907248e+01,4.200951351074857414e-04,4.036208822898308094e-04,4.200793930625589152e-04
6.027672089306081915e+01,3.985463729217931118e-04,3.829171659908386753e-04,3.985253558957985599e-04
6.035681733738255872e+01,3.714245908417077805e-04,3.568589788551948614e-04,3.713993356019853424e-04
6.043691378170429829e+01,3.400345361762063703e-04,3.266999017637225154e-04,3.400062259987091237e-04
6.051701022602603786e+01,3.057989481674050795e-04,2.938068804526713538e-04,3.057688215576368526e-04
6.059710667034777742e+01,2.701528340479576089e-04,2.595586475710949569e-04,2.701220964910265674e-04
6.067720311466951699e+01,2.344464445311353698e-04,2.252525030287405193e-04,2.344161918290763459e-04
6.075729955899125656e+01,1.998657401700581636e-04,1.920278993045816457e-04,1.998368997262107462e-04
6.083739600331300323e+01,1.673761769754281321e-04,1.608124315392481609e-04,1.673494705868498831e-04
6.091749244763474280e+01,1.376922554813151355e-04,1.322925807493935348e-04,1.376681842816148945e-04
6.099758889195648237e+01,1.112720185117636428e-04,1.069084273668882164e-04,1.112508681093641726e-04
6.107768533627822194e+01,8.833300421094357447e-05,8.486897866226704489e-05,8.831486612007570644e-05
6.115778178059996151e+01,6.888435846813154798e-05,6.618302186388056525e-05,6.886916280637673182e-05
6.123787822492170108e+01,5.276899432755935621e-05,5.069963026412438212e-05,5.275654846947000335e-05
6.131797466924344064e+01,3.970979080403281468e-05,3.815255032402035951e-05,3.969981911598773928e-05
6.139807111356518732e+01,2.935465382490524839e-05,2.820349552647729069e-05,2.934683455420613368e-05
6.147816755788692689e+01,2.131654962389768136e-05,2.048060983936576392e-05,2.131054623232635960e-05
6.155826400220866645e+01,1.520608585402713610e-05,1.460977114284436395e-05,1.520157134314736953e-05
6.163836044653040602e+01,1.065561570337389727e-05,1.023775008945931902e-05,1.065228959485037429e-05
6.171845689085214559e+01,7.335002100335061317e-06,7.047356107738851364e-06,7.332600595179279224e-06
6.179855333517388516e+01,4.960009613025156013e-06,4.765500208813813437e-06,4.958310012941038283e-06
6.187864977949562473e+01,3.294772073088243056e-06,3.165565841054841456e-06,3.293592816243897517e-06
6.195874622381736430e+01,2.149952260300008268e-06,2.065640743617570301e-06,2.149149953412855438e-06
6.203884266813911097e+01,1.378138416607134796e-06,1.324093988622372659e-06,1.377603105273652934e-06
6.211893911246085054e+01,8.677956007013543998e-07,8.337645365626356657e-07,8.674452829185257972e-07
6.219903555678259011e+01,5.367877934805391211e-07,5.157373758314413387e-07,5.365629100064025131e-07
6.227913200110432967e+01,3.261732951481710532e-07,3.133822366102514802e-07,3.260316711163198997e-07
6.235922844542606924e+01,1.946949796389012958e-07,1.870599128856020438e-07,1.946074731508853790e-07
6.243932488974780881e+01,1.141620312219219639e-07,1.096851066977866484e-07,1.141089790356432088e-07
6.251942133406954838e+01,6.575809207409448680e-08,6.317935366241965091e-08,6.572653051727026834e-08
6.259951777839129505e+01,3.720808365320940362e-08,3.574894894423383062e-08,3.718965748730237311e-08
6.267961422271303462e+01,2.068168809668947199e-08,1.987064474322505475e-08,2.067113063234779341e-08
6.275971066703477419e+01,1.129263387340394768e-08,1.084978725453459789e-08,1.128669701545904921e-08
6.283980711135651376e+01,6.057104881483579784e-09,5.819572305206679581e-09,6.053828093855498701e-09
6.291990355567825333e+01,3.191504947378389102e-09,3.066348390378920197e-09,3.189729716275931449e-09
6.300000000000000000e+01,1.651910571926997465e-09,1.587130023858851288e-09,1.650966521540154822e-09
